Model year,Make,Model,MAKE,MODEL
2011,Audi,A8L,,
2011,Bugatti,Veyron,,
2011,Jaguar,XJL,,
2011,Kia,Optima,,
2011,Kia,Optima,,
2011,Kia,Optima,,
2011,Kia,Optima Hybrid,,
2011,Lexus,CT 200h,,
2011,Lexus,HS 250h,,
2011,Lincoln,Grand Marquis,,
2011,Lincoln,Grand Marquis,,
2011,Lincoln,Town Car,,
2011,Lincoln,Town Car,,
2011,Mercedes-Benz,Maybach 57,,
2011,Mercedes-Benz,Maybach 57S,,
2011,Mercedes-Benz,Maybach 62,,
2011,Mercedes-Benz,Maybach 62S,,
2011,Mercedes-Benz,SLK 300,,
2011,Mercedes-Benz,SLK 300,,
2011,Rolls-Royce,Ghost,,
2011,Suzuki,Equator V6 4X4,,
2011,Suzuki,Swift+,,
2011,Suzuki,Swift+,,
2012,Bugatti,Veyron,,
2012,Jaguar,XJL Portfolio,,
2012,Lexus,CT 200h,,
2012,Lexus,HS 250h,,
2012,Mercedes-Benz,Maybach 57,,
2012,Mercedes-Benz,Maybach 57S,,
2012,Mercedes-Benz,Maybach 62,,
2012,Mercedes-Benz,Maybach 62S,,
2012,Ram,1500,,
2012,Ram,1500 FFV,,
2012,Ram,1500 FFV,,
2012,Ram,1500 (FuelSaver MDS),,
2012,Ram,1500 FFV 4X4,,
2012,Ram,1500 FFV 4X4,,
2012,Ram,1500 4X4 (FuelSaver MDS),,
2012,Ram,Cargo Van FFV,,
2012,Ram,Cargo Van FFV,,
2013,Infiniti,EX37,,
2013,Jaguar,XJL Ultimate,,
2013,Lexus,CT 200h,,
2013,Lexus,ES 300h,,
2013,Lexus,LS 460,,
2013,Ram,1500 FFV,,
2013,Ram,1500 FFV,,
2013,Ram,1500 HFE,,
2013,Ram,1500 FFV,,
2013,Ram,1500 FFV,,
2013,Ram,1500 (FuelSaver MDS),,
2013,Ram,1500 (FuelSaver MDS),,
2013,Ram,1500 FFV 4X4,,
2013,Ram,1500 FFV 4X4,,
2013,Ram,1500 FFV 4X4,,
2013,Ram,1500 FFV 4X4,,
2013,Ram,1500 4X4 (FuelSaver MDS),,
2013,Ram,1500 4X4 (FuelSaver MDS),,
2013,Ram,Cargo Van FFV,,
2013,Ram,Cargo Van FFV,,
2014,Lexus,CT 200h,,
2014,Lexus,ES 300h,,
2014,Lexus,LS 460,,
2014,Ram,1500 FFV,,
2014,Ram,1500 FFV,,
2014,Ram,1500 HFE,,
2014,Ram,1500 (MDS),,
2014,Ram,1500 (MDS),,
2014,Ram,1500 4X4 FFV,,
2014,Ram,1500 4X4 FFV,,
2014,Ram,1500 4X4 (MDS),,
2014,Ram,1500 4X4 (MDS),,
2014,Ram,Cargo Van FFV,,
2014,Ram,Cargo Van FFV,,
2015,Lexus,CT 200h,,
2015,Lexus,ES 300h,,
2015,Lexus,LS 460,,
2015,Ram,1500,,
2015,Ram,1500 FFV,,
2015,Ram,1500 FFV,,
2015,Ram,1500 HFE,,
2015,Ram,1500 (MDS),,
2015,Ram,1500 (MDS),,
2015,Ram,1500 4X4,,
2015,Ram,1500 4X4 FFV,,
2015,Ram,1500 4X4 FFV,,
2015,Ram,1500 4X4 (MDS),,
2015,Ram,1500 4X4 (MDS),,
2015,Ram,Cargo Van FFV,,
2015,Ram,Cargo Van FFV,,
2015,Ram,ProMaster City,,
2016,BMW,M2,,
2016,BMW,M2,,
2016,Lexus,CT 200h,,
2016,Lexus,ES 300h,,
2016,Lexus,LS 460,,
2016,Mitsubishi,Mirage,,
2016,Mitsubishi,Mirage,,
2016,Ram,1500 FFV,,
2016,Ram,1500 FFV,,
2016,Ram,1500 HFE,,
2016,Ram,1500 (MDS),,
2016,Ram,1500 (MDS),,
2016,Ram,1500 4X4 FFV,,
2016,Ram,1500 4X4 FFV,,
2016,Ram,1500 4X4 (MDS),,
2016,Ram,1500 4X4 (MDS),,
2016,Ram,ProMaster City,,
2017,Alfa Romeo,Giulia,,
2017,Audi,RS 7,,
2017,Lexus,CT 200h,,
2017,Lexus,ES 300h,,
2017,Nissan,Qashqai,,
2017,Nissan,Qashqai,,
2017,Ram,1500 EcoDiesel,,
2017,Ram,1500 FFV,,
2017,Ram,1500 FFV,,
2017,Ram,1500,,
2017,Ram,1500,,
2017,Ram,1500 4X4 EcoDiesel,,
2017,Ram,1500 4X4 FFV,,
2017,Ram,1500 4X4 FFV,,
2017,Ram,1500 4X4,,
2017,Ram,1500 4X4,,
2017,Ram,ProMaster City,,
2018,Alfa Romeo,Giulia,,
2018,Audi,RS 5,,
2018,Audi,RS 7,,
2018,Bugatti,Chiron,,
2018,Lexus,ES 300h,,
2018,Nissan,Kicks,,
2018,Ram,1500 EcoDiesel,,
2018,Ram,1500 FFV,,
2018,Ram,1500 FFV,,
2018,Ram,1500,,
2018,Ram,1500,,
2018,Ram,1500 4X4 EcoDiesel,,
2018,Ram,1500 4X4 FFV,,
2018,Ram,1500 4X4 FFV,,
2018,Ram,1500 4X4,,
2018,Ram,1500 4X4,,
2018,Ram,ProMaster City,,
2019,Acura,RLX Hybrid,,
2019,Alfa Romeo,Giulia,,
2019,Aston Martin,Vanquish Zagato,,
2019,Bugatti,Chiron,,
2019,Lexus,ES 300h,,
2019,Ram,1500 eTorque,,
2019,Ram,1500 HFE eTorque,,
2019,Ram,1500,,
2019,Ram,1500 eTorque,,
2019,Ram,1500 4X4 eTorque,,
2019,Ram,1500 4X4,,
2019,Ram,1500 4X4 eTorque,,
2019,Ram,1500 Classic EcoDiesel,,
2019,Ram,1500 Classic FFV,,
2019,Ram,1500 Classic FFV,,
2019,Ram,1500 Classic,,
2019,Ram,1500 Classic,,
2019,Ram,1500 Classic 4X4 EcoDiesel,,
2019,Ram,1500 Classic 4X4 FFV,,
2019,Ram,1500 Classic 4X4 FFV,,
2019,Ram,1500 Classic 4X4,,
2019,Ram,1500 Classic 4X4,,
2019,Ram,ProMaster City,,
2020,Alfa Romeo,Giulia,,
2020,Bugatti,Chiron,,
2020,Bugatti,Divo,,
2020,Ford,GT,MCLAREN,GT 2DR COUPE
2020,Lexus,ES 300h,,
2020,Nissan,Versa,,
2020,Nissan,Versa,,
2020,Ram,1500 EcoDiesel,,
2020,Ram,1500 eTorque,,
2020,Ram,1500 HFE eTorque,,
2020,Ram,1500,,
2020,Ram,1500 eTorque,,
2020,Ram,1500 4X4 EcoDiesel,,
2020,Ram,1500 4X4 eTorque,,
2020,Ram,1500 4X4,,
2020,Ram,1500 4X4 eTorque,,
2020,Ram,1500 Classic,,
2020,Ram,1500 Classic,,
2020,Ram,1500 Classic 4X4,,
2020,Ram,1500 Classic 4X4,,
2020,Ram,ProMaster City,,
2021,Alfa Romeo,Giulia,,
2021,Bugatti,Chiron,,
2021,Bugatti,Chiron Pur Sport,,
2021,Lexus,ES 300h,,
2021,Ram,1500 EcoDiesel,,
2021,Ram,1500 HFE EcoDiesel,,
2021,Ram,1500 eTorque,,
2021,Ram,1500 HFE eTorque,,
2021,Ram,1500,,
2021,Ram,1500 eTorque,,
2021,Ram,1500 4X4 EcoDiesel,,
2021,Ram,1500 4X4 eTorque,,
2021,Ram,1500 4X4,,
2021,Ram,1500 4X4 eTorque,,
2021,Ram,1500 4X4 TRX,,
2021,Ram,1500 Classic,,
2021,Ram,1500 Classic,,
2021,Ram,1500 Classic 4X4,,
2021,Ram,1500 Classic 4X4,,
2021,Ram,ProMaster City,,
2022,Alfa Romeo,Giulia,,
2022,Bugatti,Chiron,,
2022,Bugatti,Chiron Pur Sport,,
2022,Bugatti,Chiron Super Sport,,
2022,Lexus,ES 300h,,
2022,Ram,1500 EcoDiesel,,
2022,Ram,1500 HFE EcoDiesel,,
2022,Ram,1500 eTorque,,
2022,Ram,1500 HFE eTorque,,
2022,Ram,1500,,
2022,Ram,1500 eTorque,,
2022,Ram,1500 4X4 EcoDiesel,,
2022,Ram,1500 4X4 eTorque,,
2022,Ram,1500 4X4,,
2022,Ram,1500 4X4 eTorque,,
2022,Ram,1500 4X4 TRX,,
2022,Ram,1500 Classic,,
2022,Ram,1500 Classic,,
2022,Ram,1500 Classic 4X4,,
2022,Ram,1500 Classic 4X4,,
2022,Ram,ProMaster City,,
2023,Alfa Romeo,Giulia,,
2023,Alfa Romeo,Giulia AWD,,
2023,Alfa Romeo,Giulia Quadrifoglio,,
2023,Alfa Romeo,Stelvio,,
2023,Alfa Romeo,Stelvio AWD,,
2023,Alfa Romeo,Stelvio AWD Quadrifoglio,,
2023,Alfa Romeo,Tonale AWD,,
2023,Aston Martin,DB11 V8,,
2023,Aston Martin,DB11 V12,,
2023,Aston Martin,DBS V12,,
2023,Aston Martin,DBX V8,,
2023,Aston Martin,DBX707,,
2023,Aston Martin,Vantage V8,,
2023,Aston Martin,V12 Vantage,,
2023,Audi,R8 Coupé Performance,,
2023,Audi,R8 Spyder Performance,,
2023,Bentley,Bentayga,,
2023,Bentley,Bentayga EWB,,
2023,Bentley,Bentayga Speed,,
2023,Bentley,Continental GT,,
2023,Bentley,Continental GT Speed,,
2023,Bentley,Continental GTC,,
2023,Bentley,Continental GTC Speed,,
2023,Bentley,Flying Spur,,
2023,Bentley,Flying Spur Speed,,
2023,BMW,ALPINA XB7,,
2023,BMW,M8 Competition Cabriolet,,
2023,BMW,X1 xDrive28i,,
2023,BMW,X3 xDrive30i,,
2023,BMW,X3 M,,
2023,BMW,X3 M Competition,,
2023,BMW,X3 M40i,,
2023,BMW,X4 xDrive30i,,
2023,BMW,X4 M,,
2023,BMW,X4 M Competition,,
2023,BMW,X4 M40i,,
2023,BMW,X5 xDrive40i,,
2023,BMW,X5 M,,
2023,BMW,X5 M Competition,,
2023,BMW,X5 M50i,,
2023,BMW,X6 xDrive40i,,
2023,BMW,X6 M,,
2023,BMW,X6 M Competition,,
2023,BMW,X6 M50i,,
2023,BMW,X7 xDrive40i,,
2023,BMW,Z4 sDrive30i,,
2023,BMW,Z4 M40i,,
2023,Bugatti,Chiron,,
2023,Bugatti,Chiron Pur Sport,,
2023,Bugatti,Chiron Super Sport,,
2023,Buick,Enclave AWD,,
2023,Buick,Encore GX,,
2023,Buick,Encore GX,,
2023,Buick,Encore GX AWD,,
2023,Buick,Envision,,
2023,Buick,Envision AWD,,
2023,Cadillac,CT4,,
2023,Cadillac,CT4,,
2023,Cadillac,CT4 AWD,,
2023,Cadillac,CT4 AWD,,
2023,Cadillac,CT4-V,,
2023,Cadillac,CT4-V AWD,,
2023,Cadillac,CT4-V Blackwing,,
2023,Cadillac,CT4-V Blackwing,,
2023,Cadillac,CT5,,
2023,Cadillac,CT5,,
2023,Cadillac,CT5 AWD,,
2023,Cadillac,CT5 AWD,,
2023,Cadillac,CT5-V,,
2023,Cadillac,CT5-V AWD,,
2023,Cadillac,CT5-V Blackwing,,
2023,Cadillac,CT5-V Blackwing,,
2023,Cadillac,Escalade 4WD,,
2023,Cadillac,Escalade 4WD,,
2023,Cadillac,Escalade-V AWD,,
2023,Cadillac,XT4,,
2023,Cadillac,XT4 AWD,,
2023,Cadillac,XT5,,
2023,Cadillac,XT5 AWD,,
2023,Cadillac,XT5 AWD,,
2023,Cadillac,XT6 AWD,,
2023,Cadillac,XT6 AWD,,
2023,Chevrolet,Camaro,,
2023,Chevrolet,Camaro,,
2023,Chevrolet,Camaro,,
2023,Chevrolet,Camaro,,
2023,Chevrolet,Camaro SS,,
2023,Chevrolet,Camaro SS,,
2023,Chevrolet,Camaro ZL1,,
2023,Chevrolet,Camaro ZL1,,
2023,Chevrolet,Colorado,,
2023,Chevrolet,Colorado (Turbo Plus),,
2023,Chevrolet,Colorado 4WD,,
2023,Chevrolet,Colorado 4WD (Turbo Plus),,
2023,Chevrolet,Colorado 4WD Mud Terrain Tire (Turbo Plus),,
2023,Chevrolet,Colorado ZR2 4WD,,
2023,Chevrolet,Corvette,,
2023,Chevrolet,Corvette Z06,,
2023,Chevrolet,Corvette Z06 Carbon Aero,,
2023,Chevrolet,Malibu,,
2023,Chevrolet,Silverado,,
2023,Chevrolet,Silverado,,
2023,Chevrolet,Silverado,,
2023,Chevrolet,Silverado FFV,,
2023,Chevrolet,Silverado FFV,,
2023,Chevrolet,Silverado 4WD,,
2023,Chevrolet,Silverado 4WD Mud Terrain Tire,,
2023,Chevrolet,Silverado 4WD,,
2023,Chevrolet,Silverado 4WD Mud Terrain Tire,,
2023,Chevrolet,Silverado 4WD,,
2023,Chevrolet,Silverado 4WD FFV,,
2023,Chevrolet,Silverado 4WD FFV,,
2023,Chevrolet,Silverado 4WD Mud Terrain Tire,,
2023,Chevrolet,Silverado 4WD Mud Terrain Tire FFV,,
2023,Chevrolet,Silverado 4WD Mud Terrain Tire FFV,,
2023,Chevrolet,Silverado 4WD,,
2023,Chevrolet,Silverado 4WD Mud Terrain Tire,,
2023,Chevrolet,Silverado 4WD ZR2,,
2023,Chrysler,300,,
2023,Chrysler,300,,
2023,Chrysler,300 AWD,,
2023,Chrysler,300C,,
2023,Chrysler,Grand Caravan,,
2023,Chrysler,Pacifica,,
2023,Chrysler,Pacifica AWD,,
2023,Dodge,Challenger,,
2023,Dodge,Challenger (MDS),,
2023,Dodge,Challenger,,
2023,Dodge,Challenger (MDS),,
2023,Dodge,Challenger,,
2023,Dodge,Challenger AWD,,
2023,Dodge,Challenger Widebody (MDS),,
2023,Dodge,Challenger Widebody,,
2023,Dodge,Challenger SRT Demon 170,,
2023,Dodge,Challenger SRT Demon 170,,
2023,Dodge,Challenger SRT Hellcat,,
2023,Dodge,Challenger SRT Hellcat,,
2023,Dodge,Challenger SRT Hellcat Widebody,,
2023,Dodge,Challenger SRT Hellcat Widebody,,
2023,Dodge,Charger,,
2023,Dodge,Charger (MDS),,
2023,Dodge,Charger (MDS),,
2023,Dodge,Charger AWD,,
2023,Dodge,Charger Widebody (MDS),,
2023,Dodge,Charger SRT Hellcat Widebody,,
2023,Dodge,Durango AWD,,
2023,Dodge,Durango AWD,,
2023,Dodge,Durango AWD SRT,,
2023,Dodge,Durango AWD SRT Hellcat,,
2023,Dodge,Hornet AWD,,
2023,FIAT,500X AWD,,
2023,Ford,Mustang,,
2023,Ford,Mustang,,
2023,Ford,Mustang (High Performance),,
2023,Ford,Mustang,,
2023,Ford,Mustang (High Performance),,
2023,Ford,Mustang,,
2023,Ford,Mustang,,
2023,Ford,Mustang Convertible,,
2023,Ford,Mustang Convertible,,
2023,Ford,Mustang Convertible (High Performance),,
2023,Ford,Mustang Convertible,,
2023,Ford,Mustang Convertible (High Performance),,
2023,Ford,Mustang Convertible,,
2023,Ford,Mustang Mach 1,,
2023,Ford,Mustang Mach 1,,
2023,Ford,Ranger 4WD,,
2023,Ford,Ranger 4WD (Without Stop-Start),,
2023,Ford,Ranger Tremor 4WD,,
2023,Ford,Transit Connect Van,,
2023,Ford,Transit Connect Wagon LWB,,
2023,Genesis,G90,,
2023,GMC,Canyon,,
2023,GMC,Canyon 4WD,,
2023,GMC,Canyon 4WD Mud Terrain Tire,,
2023,GMC,Canyon AT4X 4WD,,
2023,GMC,Sierra,,
2023,GMC,Sierra,,
2023,GMC,Sierra,,
2023,GMC,Sierra FFV,,
2023,GMC,Sierra FFV,,
2023,GMC,Sierra 4WD,,
2023,GMC,Sierra 4WD Mud Terrain Tire,,
2023,GMC,Sierra 4WD,,
2023,GMC,Sierra 4WD Mud Terrain Tire,,
2023,GMC,Sierra 4WD,,
2023,GMC,Sierra 4WD FFV,,
2023,GMC,Sierra 4WD FFV,,
2023,GMC,Sierra 4WD Mud Terrain Tire,,
2023,GMC,Sierra 4WD Mud Terrain Tire FFV,,
2023,GMC,Sierra 4WD Mud Terrain Tire FFV,,
2023,GMC,Sierra 4WD,,
2023,GMC,Sierra 4WD Mud Terrain Tire,,
2023,GMC,Sierra 4WD AT4X,,
2023,Honda,Accord,,
2023,Honda,Accord Hybrid Sport/Touring,,
2023,Honda,CR-V,,
2023,Honda,CR-V AWD,,
2023,Honda,CR-V Hybrid AWD,,
2023,Honda,HR-V,,
2023,Honda,HR-V AWD,,
2023,Honda,Odyssey,,
2023,Honda,Passport AWD,,
2023,Honda,Pilot AWD,,
2023,Honda,Pilot AWD Touring/Elite/Black,,
2023,Honda,Pilot AWD TrailSport,,
2023,Honda,Ridgeline AWD,,
2023,Hyundai,Elantra,,
2023,Hyundai,Elantra,,
2023,Hyundai,Elantra (ISG),,
2023,Hyundai,Elantra N,,
2023,Hyundai,Elantra N,,
2023,Hyundai,Elantra Hybrid,,
2023,Hyundai,Sonata,,
2023,Hyundai,Sonata,,
2023,Hyundai,Sonata,,
2023,Hyundai,Sonata Hybrid,,
2023,Hyundai,Venue,,
2023,Jaguar,E-PACE P250,,
2023,Jaguar,F-PACE P250,,
2023,Jaguar,F-PACE P400,,
2023,Jaguar,F-PACE P550 SVR,,
2023,Jaguar,F-TYPE P450 Convertible,,
2023,Jaguar,F-TYPE P450 Convertible AWD,,
2023,Jaguar,F-TYPE P450 Coupe,,
2023,Jaguar,F-TYPE P450 Coupe AWD,,
2023,Jaguar,F-TYPE R Convertible AWD,,
2023,Jaguar,F-TYPE R Coupe AWD,,
2023,Jaguar,XF P250,,
2023,Jaguar,XF P300 AWD,,
2023,Kia,Forte,,
2023,Kia,Forte,,
2023,Kia,Forte 5,,
2023,Kia,Forte 5,,
2023,Kia,K5,,
2023,Kia,K5 AWD,,
2023,Kia,Niro,,
2023,Kia,Niro FE,,
2023,Kia,Rio,,
2023,Kia,Rio,,
2023,Kia,Seltos,,
2023,Kia,Seltos AWD,,
2023,Kia,Seltos AWD,,
2023,Kia,Sorento AWD,,
2023,Kia,Sorento AWD,,
2023,Kia,Sorento Hybrid AWD,,
2023,Kia,Soul,,
2023,Kia,Sportage,,
2023,Kia,Sportage AWD,,
2023,Kia,Sportage Hybrid AWD,,
2023,Kia,Stinger AWD,,
2023,Kia,Telluride AWD,,
2023,Lamborghini,Huracán EVO Coupe,,
2023,Lamborghini,Huracán EVO Coupe AWD,,
2023,Lamborghini,Huracán EVO Spyder,,
2023,Lamborghini,Huracán EVO Spyder AWD,,
2023,Lamborghini,Urus Performante,,
2023,Lamborghini,Urus S,,
2023,Lexus,ES 250 AWD,,
2023,Lexus,ES 300h,,
2023,Lexus,IS 300,,
2023,Lexus,IS 300 AWD,,
2023,Lexus,IS 500,,
2023,Lexus,LC 500,,
2023,Lexus,LC 500 Convertible,,
2023,Lexus,LC 500h,,
2023,Lexus,LS 500 AWD,,
2023,Lexus,LS 500h AWD,,
2023,Lexus,RC 300 AWD,,
2023,Lexus,RC F,,
2023,Lexus,UX 250h AWD,,
2023,Lincoln,Aviator AWD,,
2023,Lincoln,Aviator AWD (Without Stop-Start),,
2023,Lincoln,Corsair AWD,,
2023,Lincoln,Nautilus AWD,,
2023,Lincoln,Nautilus AWD,,
2023,Lincoln,Nautilus AWD,,
2023,Lincoln,Navigator 4X4,,
2023,Lincoln,Navigator 4X4 (Without Stop-Start),,
2023,Maserati,Ghibli GT,,
2023,Maserati,Ghibli Modena,,
2023,Maserati,Ghibli Modena AWD,,
2023,Maserati,Ghibli Trofeo,,
2023,Maserati,Grecale GT,,
2023,Maserati,Grecale Modena,,
2023,Maserati,Grecale Trofeo,,
2023,Maserati,Levante GT,,
2023,Maserati,Levante Modena,,
2023,Maserati,Levante Modena V8,,
2023,Maserati,Levante Trofeo,,
2023,Maserati,MC20,,
2023,Maserati,MC20 Spyder,,
2023,Maserati,Quattroporte GT,,
2023,Maserati,Quattroporte Modena,,
2023,Maserati,Quattroporte Modena AWD,,
2023,Maserati,Quattroporte Trofeo,,
2023,Mazda,Mazda3 5-Door,,
2023,Mazda,Mazda3 5-Door (SIL),,
2023,Mazda,Mazda3 5-Door,,
2023,Mazda,Mazda3 5-Door (SIL),,
2023,Mazda,Mazda3 5-Door 4WD,,
2023,Mazda,Mazda3 5-Door Turbo 4WD,,
2023,Mercedes-Benz,AMG G 63 SUV,,
2023,Mercedes-Benz,AMG G 63 4x4 Squared SUV,,
2023,Mercedes-Benz,G 550 SUV,,
2023,Mercedes-Benz,Metris Cargo Van,,
2023,Mercedes-Benz,Metris Passenger Van,,
2023,MINI,Cooper 3 Door,,
2023,MINI,Cooper 3 Door,,
2023,MINI,Cooper 5 Door,,
2023,MINI,Cooper 5 Door,,
2023,MINI,Cooper Clubman ALL4,,
2023,MINI,Cooper Convertible,,
2023,MINI,Cooper Convertible,,
2023,MINI,Cooper Countryman,,
2023,MINI,Cooper Countryman ALL4,,
2023,MINI,Cooper S 3 Door,,
2023,MINI,Cooper S 3 Door,,
2023,MINI,Cooper S 5 Door,,
2023,MINI,Cooper S 5 Door,,
2023,MINI,Cooper S Clubman,,
2023,MINI,Cooper S Clubman,,
2023,MINI,Cooper S Clubman ALL4,,
2023,MINI,Cooper S Convertible,,
2023,MINI,Cooper S Convertible,,
2023,MINI,Cooper S Countryman,,
2023,MINI,Cooper S Countryman ALL4,,
2023,MINI,John Cooper Works 3 Door,,
2023,MINI,John Cooper Works 3 Door,,
2023,MINI,John Cooper Works Clubman ALL4,,
2023,MINI,John Cooper Works Convertible,,
2023,MINI,John Cooper Works Countryman ALL4,,
2023,Mitsubishi,Mirage,,
2023,Mitsubishi,Mirage,,
2023,Nissan,Altima AWD,,
2023,Nissan,GT-R,,
2023,Nissan,Kicks,,
2023,Nissan,Maxima,,
2023,Nissan,Murano AWD,,
2023,Nissan,Qashqai,,
2023,Nissan,Qashqai AWD,,
2023,Nissan,Sentra,,
2023,Nissan,Sentra SR,,
2023,Nissan,Sentra,,
2023,Nissan,Sentra SR,,
2023,Nissan,Versa,,
2023,Nissan,Versa,,
2023,Nissan,Z,,
2023,Nissan,Z,,
2023,Porsche,718 Boxster,,
2023,Porsche,718 Boxster,,
2023,Porsche,718 Boxster T,,
2023,Porsche,718 Boxster T,,
2023,Porsche,718 Boxster S,,
2023,Porsche,718 Boxster S,,
2023,Porsche,718 Boxster GTS,,
2023,Porsche,718 Boxster GTS,,
2023,Porsche,718 Cayman,,
2023,Porsche,718 Cayman,,
2023,Porsche,718 Cayman T,,
2023,Porsche,718 Cayman T,,
2023,Porsche,718 Cayman S,,
2023,Porsche,718 Cayman S,,
2023,Porsche,718 Cayman GT4,,
2023,Porsche,718 Cayman GT4,,
2023,Porsche,718 Cayman GTS,,
2023,Porsche,718 Cayman GTS,,
2023,Porsche,718 GT4 RS,,
2023,Porsche,718 Spyder,,
2023,Porsche,718 Spyder,,
2023,Porsche,911 Carrera,,
2023,Porsche,911 Carrera 4,,
2023,Porsche,911 Carrera Cabriolet,,
2023,Porsche,911 Carrera 4 Cabriolet,,
2023,Porsche,911 Carrera T,,
2023,Porsche,911 Carrera T,,
2023,Porsche,911 Carrera S,,
2023,Porsche,911 Carrera S,,
2023,Porsche,911 Carrera 4S,,
2023,Porsche,911 Carrera 4S,,
2023,Porsche,911 Carrera S Cabriolet,,
2023,Porsche,911 Carrera S Cabriolet,,
2023,Porsche,911 Carrera 4S Cabriolet,,
2023,Porsche,911 Carrera 4S Cabriolet,,
2023,Porsche,911 Carrera GTS,,
2023,Porsche,911 Carrera GTS,,
2023,Porsche,911 Carrera 4 GTS,,
2023,Porsche,911 Carrera 4 GTS,,
2023,Porsche,911 Carrera GTS Cabriolet,,
2023,Porsche,911 Carrera GTS Cabriolet,,
2023,Porsche,911 Carrera 4 GTS Cabriolet,,
2023,Porsche,911 Carrera 4 GTS Cabriolet,,
2023,Porsche,911 Dakar,,
2023,Porsche,911 GT3,,
2023,Porsche,911 GT3,,
2023,Porsche,911 GT3 RS,,
2023,Porsche,911 GT3 Touring,,
2023,Porsche,911 GT3 Touring,,
2023,Porsche,911 Sport Classic,,
2023,Porsche,911 Targa 4,,
2023,Porsche,911 Targa 4S,,
2023,Porsche,911 Targa 4S,,
2023,Porsche,911 Targa 4 GTS,,
2023,Porsche,911 Targa 4 GTS,,
2023,Porsche,911 Turbo,,
2023,Porsche,911 Turbo Cabriolet,,
2023,Porsche,911 Turbo S,,
2023,Porsche,911 Turbo S Cabriolet,,
2023,Porsche,Cayenne,,
2023,Porsche,Cayenne Coupe,,
2023,Porsche,Cayenne S,,
2023,Porsche,Cayenne S Coupe,,
2023,Porsche,Cayenne GTS,,
2023,Porsche,Cayenne GTS Coupe,,
2023,Porsche,Cayenne Turbo,,
2023,Porsche,Cayenne Turbo Coupe,,
2023,Porsche,Cayenne Turbo GT,,
2023,Porsche,Macan,,
2023,Porsche,Macan T,,
2023,Porsche,Macan S,,
2023,Porsche,Macan GTS,,
2023,Porsche,Panamera 4,,
2023,Porsche,Panamera 4 Executive,,
2023,Porsche,Panamera 4 ST,,
2023,Porsche,Panamera 4S,,
2023,Porsche,Panamera 4S Executive,,
2023,Porsche,Panamera 4S ST,,
2023,Porsche,Panamera GTS,,
2023,Porsche,Panamera GTS ST,,
2023,Porsche,Panamera Turbo S,,
2023,Porsche,Panamera Turbo S Executive,,
2023,Porsche,Panamera Turbo S ST,,
2023,Ram,1500 eTorque,,
2023,Ram,1500 eTorque,,
2023,Ram,1500 4X4 EcoDiesel,,
2023,Ram,1500 4X4 eTorque,,
2023,Ram,1500 4X4,,
2023,Ram,1500 4X4 eTorque,,
2023,Ram,1500 4X4 TRX,,
2023,Ram,1500 Classic,,
2023,Ram,1500 Classic,,
2023,Ram,1500 Classic 4X4,,
2023,Ram,1500 Classic 4X4,,
2023,Rolls-Royce,Cullinan,,
2023,Rolls-Royce,Cullinan Black Badge,,
2023,Rolls-Royce,Ghost,,
2023,Rolls-Royce,Ghost Black Badge,,
2023,Rolls-Royce,Ghost Extended,,
2023,Rolls-Royce,Phantom,,
2023,Rolls-Royce,Phantom Extended,,
2023,Subaru,Impreza 5-Door AWD,,
2023,Subaru,Impreza 5-Door AWD,,
2023,Subaru,Legacy AWD,,
2023,Subaru,Legacy AWD,,
2023,Toyota,Camry SE,,
2023,Toyota,Camry XSE V6/TRD,,
2023,Toyota,Camry Hybrid LE,,
2023,Toyota,Camry Hybrid SE/XLE/XSE,,
2023,Toyota,GR Supra 2.0,,
2023,Toyota,GR Supra 3.0,,
2023,Toyota,GR Supra 3.0,,
2023,Toyota,Sienna,,
2023,Volkswagen,Jetta,,
2023,Volkswagen,Jetta Comfortline/Highline,,
2023,Volkswagen,Jetta,,
2023,Volkswagen,Jetta GLI,,
2023,Volkswagen,Jetta GLI,,
2023,Volvo,S60 B5,,
2023,Volvo,S60 B5 AWD,,
2023,Volvo,S90 B6 AWD,,
2023,Volvo,V60 B6 AWD,,
2023,Volvo,V60 CC B5 AWD,,
2023,Volvo,V90 CC B6 AWD,,
2023,Volvo,XC40 B4 AWD,,
2023,Volvo,XC40 B5 AWD,,
2023,Volvo,XC60 B5 AWD,,
2023,Volvo,XC60 B6 AWD,,
2023,Volvo,XC90 B5 AWD,,
2023,Volvo,XC90 B6 AWD,,
